id,title,sizeBytes,sizeMb,durationSec,bitrateKbps,sampleRateHz,codec,channels,estimate128KbpsMp3Bytes,estimate128KbpsMp3Mb,estimate96KbpsAacBytes,estimate96KbpsAacMb,savings128KbpsPct,savings96AacPct
how-much-is-that-doggie-in-the-window,(How Much Is That) Doggie In The Window_,5503578,5.25,135.1,320,44100,mp3,2,2160849,2.06,1620637,1.55,60.7,70.6
a-dream-in-the-clearing,A Dream in the Clearing,4051016,3.86,98.1,320,44100,mp3,2,1570273,1.5,1177704,1.12,61.2,70.9
a-dream-is-a-wish-your-heart-makes,A Dream is a Wish Your Heart Makes,4292797,4.09,102.9,320,44100,mp3,2,1646759,1.57,1235069,1.18,61.6,71.2
a-little-dream,A little dream,5360182,5.11,132.1,320,44100,mp3,2,2113202,2.02,1584901,1.51,60.6,70.4
a-new-day,A New Day,4829691,4.61,116.9,320,44100,mp3,2,1870367,1.78,1402776,1.34,61.3,71
a-slow-morning,A Slow Morning,4851886,4.63,119.6,320,44100,mp3,2,1914253,1.83,1435690,1.37,60.5,70.4
a-star-s-lullaby,A Star’s Lullaby,4746264,4.53,117.4,320,44100,mp3,2,1878309,1.79,1408731,1.34,60.4,70.3
a-summer-with-you,A Summer With You,4987325,4.76,123.8,320,44100,mp3,2,1981544,1.89,1486158,1.42,60.3,70.2
adventures-to-dreamland,Adventures to Dreamland,4363668,4.16,107.8,320,44100,mp3,2,1724082,1.64,1293061,1.23,60.5,70.4
alone-with-the-universe,Alone with the Universe,4751290,4.53,116.9,320,44100,mp3,2,1870367,1.78,1402776,1.34,60.6,70.5
alouette,Alouette,4411144,4.21,108.1,320,44100,mp3,2,1729933,1.65,1297450,1.24,60.8,70.6
angels-by-your-side,Angels by Your Side,5292312,5.05,130.4,320,44100,mp3,2,2085616,1.99,1564212,1.49,60.6,70.4
baa-baa-black-sheep,Baa Baa Black Sheep,4334449,4.13,107,320,44100,mp3,2,1712797,1.63,1284598,1.23,60.5,70.4
baby-lama,Baby Lama,4557236,4.35,112.8,320,44100,mp3,2,1804748,1.72,1353561,1.29,60.4,70.3
back-to-sleep,Back to Sleep,3341316,3.19,82.1,320,44100,mp3,2,1312810,1.25,984607,0.94,60.7,70.5
beautiful-dreamer,Beautiful Dreamer,4184247,3.99,101.8,320,44100,mp3,2,1629205,1.55,1221904,1.17,61.1,70.8
bedtime-tales,Bedtime Tales,5356111,5.11,131.7,320,44100,mp3,2,2107768,2.01,1580826,1.51,60.6,70.5
beneath-the-moss-blanket,Beneath the Moss Blanket,137958,,,,,,,,,,,,
best-friends,Best friends,2887212,2.75,69.8,320,44100,mp3,2,1117205,1.07,837904,0.8,61.3,71
beyond-the-rainbow,Beyond the Rainbow,87096,,,,,,,,,,,,
blue-world,Blue World,4023840,3.84,97.8,320,44100,mp3,2,1564421,1.49,1173316,1.12,61.1,70.8
brahms-lullaby,Brahms Lullaby,5059127,4.82,124,320,44100,mp3,2,1984000,1.89,1488000,1.42,60.8,70.6
bubbles,Bubbles,5993020,5.72,146,320,44100,mp3,2,2336392,2.23,1752294,1.67,61,70.8
bunny-s-long-day,Bunny_s Long Day,5525808,5.27,136.7,320,44100,mp3,2,2186762,2.09,1640072,1.56,60.4,70.3
canc-a-o-do-sono,Canção do sono,3802755,3.63,90.1,320,44100,mp3,2,1442377,1.38,1081783,1.03,62.1,71.6
clara-s-song,Clara’s Song,4204738,4.01,103.7,320,44100,mp3,2,1658462,1.58,1243847,1.19,60.6,70.4
climbing-trees,Climbing Trees,3826259,3.65,92.7,320,44100,mp3,2,1482919,1.41,1112189,1.06,61.2,70.9
coming-home,Coming Home,5003992,4.77,121.2,320,44100,mp3,2,1938495,1.85,1453871,1.39,61.3,70.9
count-two-for-tea,Count Two for Tea,4254917,4.06,104.1,320,44100,mp3,2,1665149,1.59,1248862,1.19,60.9,70.6
counting-sheep,Counting Sheep,4416537,4.21,108.3,320,44100,mp3,2,1732023,1.65,1299017,1.24,60.8,70.6
counting-stars,Counting Stars,3932148,3.75,96.3,320,44100,mp3,2,1541433,1.47,1156075,1.1,60.8,70.6
cradle-song,Cradle song,5292508,5.05,130.8,320,44100,mp3,2,2092304,2,1569228,1.5,60.5,70.4
daisy-daisy,Daisy Daisy,4121584,3.93,101,320,44100,mp3,2,1616666,1.54,1212500,1.16,60.8,70.6
delicate,Delicate,4251526,4.05,105.1,320,44100,mp3,2,1682286,1.6,1261714,1.2,60.4,70.3
down-the-hill,Down the Hill,4750564,4.53,116.6,320,44100,mp3,2,1866188,1.78,1399641,1.33,60.7,70.5
down-to-earth,Down To Earth,4917602,4.69,121.7,320,44100,mp3,2,1946854,1.86,1460140,1.39,60.4,70.3
dream-adventure,Dream Adventure,3725129,3.55,92.2,320,44100,mp3,2,1474978,1.41,1106233,1.05,60.4,70.3
dreamland-awaits-you-tonight,Dreamland Awaits You Tonight,3765072,3.59,93.4,320,44100,mp3,2,1494622,1.43,1120967,1.07,60.3,70.2
dreams-of-the-night,Dreams Of The Night,5028486,4.8,124,320,44100,mp3,2,1983216,1.89,1487412,1.42,60.6,70.4
dreams-shine-bright-in-the-middle-of-the-night,Dreams Shine Bright In The Middle Of The Night,5731993,5.47,139.4,320,44100,mp3,2,2230648,2.13,1672986,1.6,61.1,70.8
dreamscape,Dreamscape,5751309,5.48,141.5,320,44100,mp3,2,2264503,2.16,1698377,1.62,60.6,70.5
dreamy-bunny,Dreamy Bunny,3872123,3.69,95,320,44100,mp3,2,1519282,1.45,1139461,1.09,60.8,70.6
drift-away-with-me,Drift Away With Me,4985857,4.75,122,320,44100,mp3,2,1952705,1.86,1464529,1.4,60.8,70.6
drift-off-darling,Drift Off Darling,3600791,3.43,87.2,320,44100,mp3,2,1395148,1.33,1046361,1,61.3,70.9
east-side-lullaby,East Side Lullaby,3679774,3.51,91.4,320,44100,mp3,2,1461603,1.39,1096202,1.05,60.3,70.2
faded-memory,Faded Memory,5767678,5.5,140.9,320,44100,mp3,2,2254054,2.15,1690540,1.61,60.9,70.7
fairy-dust,Fairy Dust,5161688,4.92,124.7,320,44100,mp3,2,1994919,1.9,1496189,1.43,61.4,71
fluffy-yawns,Fluffy Yawns,4540030,4.33,110,320,44100,mp3,2,1760444,1.68,1320333,1.26,61.2,70.9
friendly-look,Friendly Look,3966193,3.78,96.1,320,44100,mp3,2,1537254,1.47,1152940,1.1,61.2,70.9
hand-in-hand-under-the-stars,Hand In Hand Under The Stars,4389451,4.19,108,320,44100,mp3,2,1728261,1.65,1296196,1.24,60.6,70.5
happy-thoughts,Happy Thoughts,4505901,4.3,107.8,320,44100,mp3,2,1724082,1.64,1293061,1.23,61.7,71.3
helping-out-on-the-farm,Helping Out on the Farm,4343445,4.14,105.3,320,44100,mp3,2,1684793,1.61,1263595,1.21,61.2,70.9
horizon-of-dreams,Horizon of Dreams,4166490,3.97,102.2,320,44100,mp3,2,1635056,1.56,1226292,1.17,60.8,70.6
hush-garden,Hush Garden,4342365,4.14,103.9,320,44100,mp3,2,1662642,1.59,1246981,1.19,61.7,71.3
hush-now,Hush Now,3783175,3.61,92.5,320,44100,mp3,2,1479993,1.41,1109995,1.06,60.9,70.7
i-had-a-rooster,I Had a Rooster,3583910,3.42,87.9,320,44100,mp3,2,1406433,1.34,1054824,1.01,60.8,70.6
i-m-a-little-teapot,I_m a Little Teapot,4079122,3.89,100.3,320,44100,mp3,2,1605585,1.53,1204189,1.15,60.6,70.5
in-the-arms-of-the-night,In The Arms Of The Night,4823040,4.6,118.8,320,44100,mp3,2,1901296,1.81,1425972,1.36,60.6,70.4
itsy-bitsy-spider,Itsy Bitsy Spider,3840077,3.66,94.9,320,44100,mp3,2,1518864,1.45,1139148,1.09,60.4,70.3
jolly-lolly-lullaby,Jolly Lolly Lullaby,5547654,5.29,136.5,320,44100,mp3,2,2183837,2.08,1637878,1.56,60.6,70.5
largo,Largo,5855692,5.58,145.6,320,44100,mp3,2,2328869,2.22,1746651,1.67,60.2,70.2
little-baby-ducklings,Little Baby Ducklings,2963152,2.83,71.6,320,44100,mp3,2,1145208,1.09,858906,0.82,61.4,71
little-boy-blue,Little Boy Blue,3654864,3.49,87.8,320,44100,mp3,2,1404761,1.34,1053571,1,61.6,71.2
little-cowboy,Little Cowboy,5747214,5.48,142.5,320,44100,mp3,2,2279967,2.17,1709976,1.63,60.3,70.2
little-dreamer,Little Dreamer,4878586,4.65,120.3,320,44100,mp3,2,1925120,1.84,1443840,1.38,60.5,70.4
little-elephants-dream-too,Little Elephants Dream Too,4560022,4.35,112.4,320,44100,mp3,2,1798896,1.72,1349172,1.29,60.6,70.4
little-heart,Little Heart,4151728,3.96,102.8,320,44100,mp3,2,1645087,1.57,1233816,1.18,60.4,70.3
little-miss-sunshine,Little Miss Sunshine,4603790,4.39,113,320,44100,mp3,2,1808509,1.72,1356382,1.29,60.7,70.5
little-star-shine-bright,"Little Star, Shine Bright",140399,,,,,,,,,,,,
little-steps,Little Steps,4289832,4.09,105.1,320,44100,mp3,2,1682286,1.6,1261714,1.2,60.8,70.6
littleby,Littleby,5636653,5.38,138.6,320,44100,mp3,2,2217273,2.11,1662955,1.59,60.7,70.5
london-bridge-piano-version,London Bridge (Piano Version),100652,,,,,,,,,,,,
love-you-always,Love You Always,5794033,5.53,143.9,320,44100,mp3,2,2301701,2.2,1726276,1.65,60.3,70.2
lullaby-for-better-days,Lullaby for Better Days,5135754,4.9,126.5,320,44100,mp3,2,2024594,1.93,1518446,1.45,60.6,70.4
mama-bear-s-blanket,Mama Bear_s Blanket,3731402,3.56,90.3,320,44100,mp3,2,1444885,1.38,1083664,1.03,61.3,71
manx-lullaby,Manx Lullaby,3545711,3.38,84,320,44100,mp3,2,1344157,1.28,1008118,0.96,62.1,71.6
matteo-s-dream,Matteo´s Dream,2913675,2.78,70,320,44100,mp3,2,1120549,1.07,840411,0.8,61.5,71.2
meet-me-at-the-moon,Meet Me at the Moon,3749940,3.58,92.9,320,44100,mp3,2,1486681,1.42,1115011,1.06,60.4,70.3
meet-the-baby,Meet the Baby,3678716,3.51,91.2,320,44100,mp3,2,1459931,1.39,1094949,1.04,60.3,70.2
midnight-hush,Midnight Hush,6143642,5.86,149.4,320,44100,mp3,2,2390309,2.28,1792731,1.71,61.1,70.8
milk-moonbeams,Milk & Moonbeams,4806210,4.58,116.8,320,44100,mp3,2,1869113,1.78,1401835,1.34,61.1,70.8
mister-rabbit,Mister Rabbit,3369289,3.21,83.4,320,44100,mp3,2,1334544,1.27,1000908,0.95,60.4,70.3
moonbeam-melodies,Moonbeam Melodies,3588695,3.42,86.2,320,44100,mp3,2,1378847,1.31,1034136,0.99,61.6,71.2
moonlight-magic,Moonlight Magic,5274849,5.03,130.2,320,44100,mp3,2,2082691,1.99,1562018,1.49,60.5,70.4
moonrise-slumber,Moonrise Slumber,4261023,4.06,103.7,320,44100,mp3,2,1658880,1.58,1244160,1.19,61.1,70.8
my-bonnie-lies-over-the-ocean,My Bonnie Lies Over The Ocean,3703934,3.53,91.2,320,44100,mp3,2,1459096,1.39,1094322,1.04,60.6,70.5
my-friend-lina,My Friend Lina,4024204,3.84,98.1,320,44100,mp3,2,1570273,1.5,1177704,1.12,61,70.7
my-funny-friend,My Funny Friend,4233894,4.04,103.2,320,44100,mp3,2,1650521,1.57,1237891,1.18,61,70.8
my-grandfather-s-clock,My Grandfather_s Clock,4444176,4.24,109.9,320,44100,mp3,2,1758772,1.68,1319079,1.26,60.4,70.3
my-little-toy-parade,My little Toy Parade,3051772,2.91,72.4,320,44100,mp3,2,1158165,1.1,868624,0.83,62,71.5
my-own-horse,My Own Horse,5033952,4.8,124.8,320,44100,mp3,2,1997009,1.9,1497757,1.43,60.3,70.2
nightfall,Nightfall,5790841,5.52,142.2,320,44100,mp3,2,2274952,2.17,1706214,1.63,60.7,70.5
nightingales,Nightingales,5096909,4.86,125.5,320,44100,mp3,2,2007876,1.91,1505907,1.44,60.6,70.5
nighttime-birds,Nighttime Birds,3737957,3.56,90.4,320,44100,mp3,2,1446975,1.38,1085231,1.03,61.3,71
off-to-sleep,Off to Sleep,3959354,3.78,96,320,44100,mp3,2,1536418,1.47,1152313,1.1,61.2,70.9
oh-susannah,Oh! Susannah,3773736,3.6,91.2,320,44100,mp3,2,1459931,1.39,1094949,1.04,61.3,71
old-macdonald-had-a-farm,Old Macdonald Had A Farm,3976921,3.79,98.6,320,44100,mp3,2,1577739,1.5,1183304,1.13,60.3,70.2
on-a-fluffy-starbed,On A Fluffy Starbed,5448933,5.2,134.2,320,44100,mp3,2,2147474,2.05,1610606,1.54,60.6,70.4
on-the-bridge-of-avignon,On the bridge of Avignon,2602388,2.48,61.4,320,44100,mp3,2,982622,0.94,736967,0.7,62.2,71.7
on-the-lake,On the Lake,5278251,5.03,130.4,320,44100,mp3,2,2086870,1.99,1565153,1.49,60.5,70.3
over-the-moon,Over the Moon,3523700,3.36,86,320,44100,mp3,2,1375504,1.31,1031628,0.98,61,70.7
pancake-friends,Pancake Friends,4766878,4.55,116.5,320,44100,mp3,2,1864516,1.78,1398387,1.33,60.9,70.7
paws-and-purrs,Paws and Purrs,4250068,4.05,104.7,320,44100,mp3,2,1675598,1.6,1256699,1.2,60.6,70.4
peace-and-harmony,Peace And Harmony,5664202,5.4,139.5,320,44100,mp3,2,2232738,2.13,1674553,1.6,60.6,70.4
petal-soft,Petal-soft,3663902,3.49,89.4,320,44100,mp3,2,1429838,1.36,1072379,1.02,61,70.7
pete-the-parrot,Pete the Parrot,5124167,4.89,126.9,320,44100,mp3,2,2029610,1.94,1522207,1.45,60.4,70.3
playing-with-leaves,Playing With Leaves,4413481,4.21,107.9,320,44100,mp3,2,1727007,1.65,1295256,1.24,60.9,70.7
polly-put-the-kettle-on,Polly Put the Kettle on,4189423,4,103.7,320,44100,mp3,2,1659716,1.58,1244787,1.19,60.4,70.3
polly-wolly-doodle,Polly Wolly Doodle,3811787,3.64,94.5,320,44100,mp3,2,1511340,1.44,1133505,1.08,60.4,70.3
pondside-dreamland,Pondside Dreamland,5335192,5.09,127.8,320,44100,mp3,2,2045074,1.95,1533806,1.46,61.7,71.3
pray-for-a-better-day,Pray For A Better Day,6484677,6.18,160.5,320,44100,mp3,2,2568359,2.45,1926269,1.84,60.4,70.3
puffin-s-pillow,Puffin’s Pillow,3735685,3.56,90.4,320,44100,mp3,2,1446557,1.38,1084918,1.03,61.3,71
puppy-my-puppy,Puppy My Puppy,4440352,4.23,109.1,320,44100,mp3,2,1745398,1.66,1309048,1.25,60.7,70.5
pyjamas-and-pedals,Pyjamas And Pedals,5952664,5.68,147.5,320,44100,mp3,2,2360633,2.25,1770475,1.69,60.3,70.3
rainbow-dreams,Rainbow Dreams,3608227,3.44,88.3,320,44100,mp3,2,1413538,1.35,1060153,1.01,60.8,70.6
rest-on-my-shoulder,Rest on My Shoulder,5129006,4.89,127.1,320,44100,mp3,2,2034207,1.94,1525656,1.45,60.3,70.3
river-play,River Play,5312877,5.07,128.9,320,44100,mp3,2,2063047,1.97,1547285,1.48,61.2,70.9
sailing-into-sleep,Sailing into Sleep,3509409,3.35,84.7,320,44100,mp3,2,1354606,1.29,1015954,0.97,61.4,71.1
sandman,Sandman,4309521,4.11,105.5,320,44100,mp3,2,1688555,1.61,1266416,1.21,60.8,70.6
silent-stars,Silent Stars,4367026,4.16,108.2,320,44100,mp3,2,1730769,1.65,1298077,1.24,60.4,70.3
sleepy-clouds,Sleepy Clouds,4564728,4.35,112.4,320,44100,mp3,2,1798060,1.71,1348545,1.29,60.6,70.5
sleepy-serenade,Sleepy Serenade,4490983,4.28,110.7,320,44100,mp3,2,1771729,1.69,1328797,1.27,60.5,70.4
sleepy-star,Sleepy Star,5345093,5.1,129.2,320,44100,mp3,2,2067644,1.97,1550733,1.48,61.3,71
sleepy-time,Sleepy Time,5280790,5.04,131.3,320,44100,mp3,2,2100663,2,1575497,1.5,60.2,70.2
slumber,Slumber,4513422,4.3,110.7,320,44100,mp3,2,1771729,1.69,1328797,1.27,60.7,70.6
slumberland,Slumberland,3228635,3.08,79.2,320,44100,mp3,2,1266834,1.21,950126,0.91,60.8,70.6
soft-feathers,Soft Feathers,3244482,3.09,79,320,44100,mp3,2,1263909,1.21,947931,0.9,61,70.8
somewhere-out-there,Somewhere Out There,5656881,5.39,139.2,320,44100,mp3,2,2226887,2.12,1670165,1.59,60.6,70.5
staircase-lullaby,Staircase Lullaby,4306837,4.11,105.8,320,44100,mp3,2,1692317,1.61,1269238,1.21,60.7,70.5
star-sky-s-blanket,Star Sky_s Blanket,4993826,4.76,120.4,320,44100,mp3,2,1926374,1.84,1444780,1.38,61.4,71.1
starry-moon,Starry Moon,4454844,4.25,109.5,320,44100,mp3,2,1752085,1.67,1314064,1.25,60.7,70.5
starry-night,Starry Night,4648692,4.43,113.8,320,44100,mp3,2,1821048,1.74,1365786,1.3,60.8,70.6
stars-are-gently-dancing,Stars Are Gently Dancing,4438649,4.23,107.7,320,44100,mp3,2,1722410,1.64,1291807,1.23,61.2,70.9
stars-are-listening,Stars Are Listening,3935776,3.75,94,320,44100,mp3,2,1504235,1.43,1128176,1.08,61.8,71.3
stay-awake,Stay Awake,3253932,3.1,78.6,320,44100,mp3,2,1257221,1.2,942916,0.9,61.4,71
strawberry-dreams,Strawberry Dreams,4695128,4.48,115.9,320,44100,mp3,2,1854067,1.77,1390550,1.33,60.5,70.4
summer-with-my-friends,Summer with My Friends,4615454,4.4,114.1,320,44100,mp3,2,1824810,1.74,1368607,1.31,60.5,70.3
sweet-dreamer,Sweet Dreamer,5142576,4.9,126.5,320,44100,mp3,2,2024176,1.93,1518132,1.45,60.6,70.5
sweet-dreams,Sweet Dreams,4255798,4.06,104,320,44100,mp3,2,1664313,1.59,1248235,1.19,60.9,70.7
take-me-out-to-the-ball-game,Take Me Out to the Ball Game,3791256,3.62,93.9,320,44100,mp3,2,1502981,1.43,1127236,1.08,60.4,70.3
teddy-s-dream,Teddy_s Dream,4466335,4.26,108.5,320,44100,mp3,2,1736202,1.66,1302152,1.24,61.1,70.8
teddy-s-lullaby,Teddy’s Lullaby,4266343,4.07,103.2,320,44100,mp3,2,1650521,1.57,1237891,1.18,61.3,71
the-dance-of-the-fairies,The Dance Of The Fairies,3297089,3.14,80.6,320,44100,mp3,2,1289404,1.23,967053,0.92,60.9,70.7
the-dreaming-tree,The Dreaming Tree,5071995,4.84,123.8,320,44100,mp3,2,1980709,1.89,1485531,1.42,60.9,70.7
the-forest-tale,The Forest Tale,5302101,5.06,130,320,44100,mp3,2,2080601,1.98,1560451,1.49,60.8,70.6
the-happy-farmer,The Happy Farmer,5218988,4.98,123.6,320,44100,mp3,2,1977783,1.89,1483337,1.41,62.1,71.6
the-little-snoring-owl,The Little Snoring Owl,6030351,5.75,148.9,320,44100,mp3,2,2382367,2.27,1786776,1.7,60.5,70.4
the-moon-is-your-friend,The Moon is Your Friend,4351690,4.15,107.5,320,44100,mp3,2,1719484,1.64,1289613,1.23,60.5,70.4
the-muffin-man,The Muffin Man,3865567,3.69,95.4,320,44100,mp3,2,1526805,1.46,1145104,1.09,60.5,70.4
the-sleep-song,The Sleep Song,6217828,5.93,153.6,320,44100,mp3,2,2457600,2.34,1843200,1.76,60.5,70.4
the-sleeping-valley,The Sleeping Valley,5237732,5,129.3,320,44100,mp3,2,2068062,1.97,1551047,1.48,60.5,70.4
the-very-sleepy-kitten,The Very Sleepy Kitten,3632247,3.46,86.4,320,44100,mp3,2,1382191,1.32,1036643,0.99,61.9,71.5
tick-tock-grandma-s-clock,"Tick, Tock Grandma’s Clock",4634204,4.42,114.4,320,44100,mp3,2,1831079,1.75,1373309,1.31,60.5,70.4
tingly-town,Tingly Town,5836655,5.57,142.3,320,44100,mp3,2,2276206,2.17,1707154,1.63,61,70.8
to-the-moon-and-back,To the Moon and Back,4976897,4.75,120.9,320,44100,mp3,2,1934315,1.84,1450736,1.38,61.1,70.9
to-the-store-we-go,To the Store We Go,3508363,3.35,86.1,320,44100,mp3,2,1377176,1.31,1032882,0.99,60.7,70.6
treehouse-dream,Treehouse Dream,6465889,6.17,160,320,44100,mp3,2,2560418,2.44,1920313,1.83,60.4,70.3
twilight-teddy,Twilight Teddy,4835045,4.61,119,320,44100,mp3,2,1903386,1.82,1427540,1.36,60.6,70.5
twinkle-twinkle-little-star,Twinkle Twinkle Little Star,7818438,7.46,193.3,320,44100,mp3,2,3092898,2.95,2319673,2.21,60.4,70.3
under-my-pillow,Under My Pillow,3932013,3.75,96.2,320,44100,mp3,2,1538926,1.47,1154194,1.1,60.9,70.6
under-the-endless-sky,Under the Endless Sky,5140070,4.9,126.5,320,44100,mp3,2,2024176,1.93,1518132,1.45,60.6,70.5
under-the-sleepy-sky,Under the Sleepy Sky,3518511,3.36,84.2,320,44100,mp3,2,1347500,1.29,1010625,0.96,61.7,71.3
under-the-stars,Under The Stars,3434382,3.28,82.7,320,44100,mp3,2,1323259,1.26,992444,0.95,61.5,71.1
under-the-twilight-rays,Under the Twilight Rays,4393539,4.19,107.1,320,44100,mp3,2,1713215,1.63,1284911,1.23,61,70.8
until-morning-comes,Until Morning Comes,4653665,4.44,113.8,320,44100,mp3,2,1821048,1.74,1365786,1.3,60.9,70.7
up-and-down,Up And Down,5446504,5.19,133.7,320,44100,mp3,2,2138697,2.04,1604023,1.53,60.7,70.5
warm-blanket,Warm blanket,5386555,5.14,132,320,44100,mp3,2,2112784,2.01,1584588,1.51,60.8,70.6
we-are-three-musicians,We Are Three Musicians,2821649,2.69,67.8,320,44100,mp3,2,1084372,1.03,813279,0.78,61.6,71.2
where-fairies-sleep,Where Fairies Sleep,4211518,4.02,104.4,320,44100,mp3,2,1670165,1.59,1252624,1.19,60.3,70.3
whisper-time,Whisper Time,4689065,4.47,112.8,320,44100,mp3,2,1804748,1.72,1353561,1.29,61.5,71.1
winter-outside,Winter Outside,4165762,3.97,102.5,320,44100,mp3,2,1640072,1.56,1230054,1.17,60.6,70.5
you-are-feeling-sleepy,You Are Feeling Sleepy,3547834,3.38,87.4,320,44100,mp3,2,1397656,1.33,1048242,1,60.6,70.5