id,title,originalSizeBytes,originalSizeMb,newSizeBytes,newSizeMb,durationSec,reductionPct,originalBitrateKbps,newBitrateKbps,gcsObjectPath,uploaded,error
how-much-is-that-doggie-in-the-window,(How Much Is That) Doggie In The Window_,5503578,5.25,2636105,2.51,135.1,52.1,320,128,Rhymes-128/(How Much Is That) Doggie In The Window_.mp3,true,
a-dream-in-the-clearing,A Dream in the Clearing,4051016,3.86,2213543,2.11,98.1,45.4,320,128,Rhymes-128/A Dream in the Clearing.mp3,true,
a-dream-is-a-wish-your-heart-makes,A Dream is a Wish Your Heart Makes,4292797,4.09,2436591,2.32,102.9,43.2,320,128,Rhymes-128/A Dream is a Wish Your Heart Makes.mp3,true,
a-little-dream,A little dream,5360182,5.11,2473007,2.36,132.1,53.9,320,128,Rhymes-128/A little dream.mp3,true,
a-new-day,A New Day,4829691,4.61,2535313,2.42,116.9,47.5,320,128,Rhymes-128/A New Day.mp3,true,
a-slow-morning,A Slow Morning,4851886,4.63,2183134,2.08,119.6,55,320,128,Rhymes-128/A Slow Morning.mp3,true,
a-star-s-lullaby,A Star’s Lullaby,4746264,4.53,2058190,1.96,117.4,56.6,320,128,Rhymes-128/A Star’s Lullaby.mp3,true,
a-summer-with-you,A Summer With You,4987325,4.76,2063039,1.97,123.8,58.6,320,128,Rhymes-128/A Summer With You.mp3,true,
adventures-to-dreamland,Adventures to Dreamland,4363668,4.16,1880594,1.79,107.8,56.9,320,128,Rhymes-128/Adventures to Dreamland.mp3,true,
alone-with-the-universe,Alone with the Universe,4751290,4.53,2163962,2.06,116.9,54.5,320,128,Rhymes-128/Alone with the Universe.mp3,true,
alouette,Alouette,4411144,4.21,2160957,2.06,108.1,51,320,128,Rhymes-128/Alouette.mp3,true,
angels-by-your-side,Angels by Your Side,5292312,5.05,2392157,2.28,130.4,54.8,320,128,Rhymes-128/Angels by Your Side.mp3,true,
baa-baa-black-sheep,Baa Baa Black Sheep,4334449,4.13,1913460,1.82,107,55.9,320,128,Rhymes-128/Baa Baa Black Sheep.mp3,true,
baby-lama,Baby Lama,4557236,4.35,1946425,1.86,112.8,57.3,320,128,Rhymes-128/Baby Lama.mp3,true,
back-to-sleep,Back to Sleep,3341316,3.19,1602622,1.53,82.1,52,320,128,Rhymes-128/Back to Sleep.mp3,true,
beautiful-dreamer,Beautiful Dreamer,4184247,3.99,2195960,2.09,101.8,47.5,320,128,Rhymes-128/Beautiful Dreamer.mp3,true,
bedtime-tales,Bedtime Tales,5356111,5.11,2495319,2.38,131.7,53.4,320,128,Rhymes-128/Bedtime Tales.mp3,true,
beneath-the-moss-blanket,Beneath the Moss Blanket,137958,0.13,,,,,,,Rhymes-128/Beneath the Moss Blanket.mp3,false,Command failed: ffmpeg -y -hide_banner -loglevel error -i /Users/macbook/AmyNestProject/AmyNest-AI/lib/rhymes-audio/staging/Rhymes/Beneath the Moss Blanket.mp3 -codec:a libmp3lame -b:a 128k -ar 44100 -ac 2 -map_metadata 0 /Users/macbook/AmyNestProject/AmyNest-AI/lib/rhymes-audio/staging/Rhymes-128/Beneath the Moss Blanket.mp3
[in#0 @ 0x7fbd63a061c0] Failed to find two consecutive MPEG audio frames.
[in#0 @ 0x7fbd63a05ec0] Error opening input: Invalid data found when processing input
Error opening input file /Users/macbook/AmyNestProject/AmyNest-AI/lib/rhymes-audio/staging/Rhymes/Beneath the Moss Blanket.mp3.
Error opening input files: Invalid data found when processing input

best-friends,Best friends,2887212,2.75,1501757,1.43,69.8,48,320,128,Rhymes-128/Best friends.mp3,true,
beyond-the-rainbow,Beyond the Rainbow,87096,0.08,,,,,,,Rhymes-128/Beyond the Rainbow.mp3,false,Command failed: ffmpeg -y -hide_banner -loglevel error -i /Users/macbook/AmyNestProject/AmyNest-AI/lib/rhymes-audio/staging/Rhymes/Beyond the Rainbow.mp3 -codec:a libmp3lame -b:a 128k -ar 44100 -ac 2 -map_metadata 0 /Users/macbook/AmyNestProject/AmyNest-AI/lib/rhymes-audio/staging/Rhymes-128/Beyond the Rainbow.mp3
[in#0 @ 0x7ff0bba06a40] Failed to find two consecutive MPEG audio frames.
[in#0 @ 0x7ff0bba06740] Error opening input: Invalid data found when processing input
Error opening input file /Users/macbook/AmyNestProject/AmyNest-AI/lib/rhymes-audio/staging/Rhymes/Beyond the Rainbow.mp3.
Error opening input files: Invalid data found when processing input

blue-world,Blue World,4023840,3.84,2098698,2,97.8,47.8,320,128,Rhymes-128/Blue World.mp3,true,
brahms-lullaby,Brahms Lullaby,5059127,4.82,2444109,2.33,124,51.7,320,128,Rhymes-128/Brahms Lullaby.mp3,true,
bubbles,Bubbles,5993020,5.72,2980863,2.84,146,50.3,320,128,Rhymes-128/Bubbles.mp3,true,
bunny-s-long-day,Bunny_s Long Day,5525808,5.27,2373713,2.26,136.7,57,320,128,Rhymes-128/Bunny_s Long Day.mp3,true,
canc-a-o-do-sono,Canção do sono,3802755,3.63,2243440,2.14,90.1,41,320,128,Rhymes-128/Canção do sono.mp3,true,
clara-s-song,Clara’s Song,4204738,4.01,1779130,1.7,103.7,57.7,320,128,Rhymes-128/Clara’s Song.mp3,true,
climbing-trees,Climbing Trees,3826259,3.65,2069520,1.97,92.7,45.9,320,128,Rhymes-128/Climbing Trees.mp3,true,
coming-home,Coming Home,5003992,4.77,2686590,2.56,121.2,46.3,320,128,Rhymes-128/Coming Home.mp3,true,
count-two-for-tea,Count Two for Tea,4254917,4.06,2129851,2.03,104.1,49.9,320,128,Rhymes-128/Count Two for Tea.mp3,true,
counting-sheep,Counting Sheep,4416537,4.21,2150711,2.05,108.3,51.3,320,128,Rhymes-128/Counting Sheep.mp3,true,
counting-stars,Counting Stars,3932148,3.75,1837338,1.75,96.3,53.3,320,128,Rhymes-128/Counting Stars.mp3,true,
cradle-song,Cradle song,5292508,5.05,2196924,2.1,130.8,58.5,320,128,Rhymes-128/Cradle song.mp3,true,
daisy-daisy,Daisy Daisy,4121584,3.93,1877794,1.79,101,54.4,320,128,Rhymes-128/Daisy Daisy.mp3,true,
delicate,Delicate,4251526,4.05,1925098,1.84,105.1,54.7,320,128,Rhymes-128/Delicate.mp3,true,
down-the-hill,Down the Hill,4750564,4.53,2296830,2.19,116.6,51.7,320,128,Rhymes-128/Down the Hill.mp3,true,
down-to-earth,Down To Earth,4917602,4.69,2169323,2.07,121.7,55.9,320,128,Rhymes-128/Down To Earth.mp3,true,
dream-adventure,Dream Adventure,3725129,3.55,1604008,1.53,92.2,56.9,320,128,Rhymes-128/Dream Adventure.mp3,true,
dreamland-awaits-you-tonight,Dreamland Awaits You Tonight,3765072,3.59,1586972,1.51,93.4,57.9,320,128,Rhymes-128/Dreamland Awaits You Tonight.mp3,true,
dreams-of-the-night,Dreams Of The Night,5028486,4.8,2245946,2.14,124,55.3,320,128,Rhymes-128/Dreams Of The Night.mp3,true,
dreams-shine-bright-in-the-middle-of-the-night,Dreams Shine Bright In The Middle Of The Night,5731993,5.47,2716718,2.59,139.4,52.6,320,128,Rhymes-128/Dreams Shine Bright In The Middle Of The Night.mp3,true,
dreamscape,Dreamscape,5751309,5.48,2678132,2.55,141.5,53.4,320,128,Rhymes-128/Dreamscape.mp3,true,
dreamy-bunny,Dreamy Bunny,3872123,3.69,1884734,1.8,95,51.3,320,128,Rhymes-128/Dreamy Bunny.mp3,true,
drift-away-with-me,Drift Away With Me,4985857,4.75,2451911,2.34,122,50.8,320,128,Rhymes-128/Drift Away With Me.mp3,true,
drift-off-darling,Drift Off Darling,3600791,3.43,1778564,1.7,87.2,50.6,320,128,Rhymes-128/Drift Off Darling.mp3,true,
east-side-lullaby,East Side Lullaby,3679774,3.51,1519223,1.45,91.4,58.7,320,128,Rhymes-128/East Side Lullaby.mp3,true,
faded-memory,Faded Memory,5767678,5.5,2880956,2.75,140.9,50,320,128,Rhymes-128/Faded Memory.mp3,true,
fairy-dust,Fairy Dust,5161688,4.92,2760620,2.63,124.7,46.5,320,128,Rhymes-128/Fairy Dust.mp3,true,
fluffy-yawns,Fluffy Yawns,4540030,4.33,2416406,2.3,110,46.8,320,128,Rhymes-128/Fluffy Yawns.mp3,true,
friendly-look,Friendly Look,3966193,3.78,2148555,2.05,96.1,45.8,320,128,Rhymes-128/Friendly Look.mp3,true,
hand-in-hand-under-the-stars,Hand In Hand Under The Stars,4389451,4.19,2002384,1.91,108,54.4,320,128,Rhymes-128/Hand In Hand Under The Stars.mp3,true,
happy-thoughts,Happy Thoughts,4505901,4.3,2558595,2.44,107.8,43.2,320,128,Rhymes-128/Happy Thoughts.mp3,true,
helping-out-on-the-farm,Helping Out on the Farm,4343445,4.14,2225715,2.12,105.3,48.8,320,128,Rhymes-128/Helping Out on the Farm.mp3,true,
horizon-of-dreams,Horizon of Dreams,4166490,3.97,2012942,1.92,102.2,51.7,320,128,Rhymes-128/Horizon of Dreams.mp3,true,
hush-garden,Hush Garden,4342365,4.14,2415529,2.3,103.9,44.4,320,128,Rhymes-128/Hush Garden.mp3,true,
hush-now,Hush Now,3783175,3.61,1854406,1.77,92.5,51,320,128,Rhymes-128/Hush Now.mp3,true,
i-had-a-rooster,I Had a Rooster,3583910,3.42,1747883,1.67,87.9,51.2,320,128,Rhymes-128/I Had a Rooster.mp3,true,
i-m-a-little-teapot,I_m a Little Teapot,4079122,3.89,1759201,1.68,100.3,56.9,320,128,Rhymes-128/I_m a Little Teapot.mp3,true,
in-the-arms-of-the-night,In The Arms Of The Night,4823040,4.6,2198860,2.1,118.8,54.4,320,128,Rhymes-128/In The Arms Of The Night.mp3,true,
itsy-bitsy-spider,Itsy Bitsy Spider,3840077,3.66,1648767,1.57,94.9,57.1,320,128,Rhymes-128/Itsy Bitsy Spider.mp3,true,
jolly-lolly-lullaby,Jolly Lolly Lullaby,5547654,5.29,2580711,2.46,136.5,53.5,320,128,Rhymes-128/Jolly Lolly Lullaby.mp3,true,
largo,Largo,5855692,5.58,2453951,2.34,145.6,58.1,320,128,Rhymes-128/Largo.mp3,true,
little-baby-ducklings,Little Baby Ducklings,2963152,2.83,1548483,1.48,71.6,47.7,320,128,Rhymes-128/Little Baby Ducklings.mp3,true,
little-boy-blue,Little Boy Blue,3654864,3.49,1954628,1.86,87.8,46.5,320,128,Rhymes-128/Little Boy Blue.mp3,true,
little-cowboy,Little Cowboy,5747214,5.48,2444269,2.33,142.5,57.5,320,128,Rhymes-128/Little Cowboy.mp3,true,
little-dreamer,Little Dreamer,4878586,4.65,2237194,2.13,120.3,54.1,320,128,Rhymes-128/Little Dreamer.mp3,true,
little-elephants-dream-too,Little Elephants Dream Too,4560022,4.35,2057966,1.96,112.4,54.9,320,128,Rhymes-128/Little Elephants Dream Too.mp3,true,
little-heart,Little Heart,4151728,3.96,1764299,1.68,102.8,57.5,320,128,Rhymes-128/Little Heart.mp3,true,
little-miss-sunshine,Little Miss Sunshine,4603790,4.39,2173006,2.07,113,52.8,320,128,Rhymes-128/Little Miss Sunshine.mp3,true,
little-star-shine-bright,"Little Star, Shine Bright",140399,0.13,,,,,,,"Rhymes-128/Little Star, Shine Bright.mp3",false,"Command failed: ffmpeg -y -hide_banner -loglevel error -i /Users/macbook/AmyNestProject/AmyNest-AI/lib/rhymes-audio/staging/Rhymes/Little Star, Shine Bright.mp3 -codec:a libmp3lame -b:a 128k -ar 44100 -ac 2 -map_metadata 0 /Users/macbook/AmyNestProject/AmyNest-AI/lib/rhymes-audio/staging/Rhymes-128/Little Star, Shine Bright.mp3
[in#0 @ 0x7fd10b704780] Failed to find two consecutive MPEG audio frames.
[in#0 @ 0x7fd10b704480] Error opening input: Invalid data found when processing input
Error opening input file /Users/macbook/AmyNestProject/AmyNest-AI/lib/rhymes-audio/staging/Rhymes/Little Star, Shine Bright.mp3.
Error opening input files: Invalid data found when processing input
"
little-steps,Little Steps,4289832,4.09,2084133,1.99,105.1,51.4,320,128,Rhymes-128/Little Steps.mp3,true,
littleby,Littleby,5636653,5.38,2728696,2.6,138.6,51.6,320,128,Rhymes-128/Littleby.mp3,true,
london-bridge-piano-version,London Bridge (Piano Version),100652,0.1,,,,,,,Rhymes-128/London Bridge (Piano Version).mp3,false,Command failed: ffmpeg -y -hide_banner -loglevel error -i /Users/macbook/AmyNestProject/AmyNest-AI/lib/rhymes-audio/staging/Rhymes/London Bridge (Piano Version).mp3 -codec:a libmp3lame -b:a 128k -ar 44100 -ac 2 -map_metadata 0 /Users/macbook/AmyNestProject/AmyNest-AI/lib/rhymes-audio/staging/Rhymes-128/London Bridge (Piano Version).mp3
[in#0 @ 0x7ff778104700] Failed to find two consecutive MPEG audio frames.
[in#0 @ 0x7ff778104400] Error opening input: Invalid data found when processing input
Error opening input file /Users/macbook/AmyNestProject/AmyNest-AI/lib/rhymes-audio/staging/Rhymes/London Bridge (Piano Version).mp3.
Error opening input files: Invalid data found when processing input

love-you-always,Love You Always,5794033,5.53,2409711,2.3,143.9,58.4,320,128,Rhymes-128/Love You Always.mp3,true,
lullaby-for-better-days,Lullaby for Better Days,5135754,4.9,2381763,2.27,126.5,53.6,320,128,Rhymes-128/Lullaby for Better Days.mp3,true,
mama-bear-s-blanket,Mama Bear_s Blanket,3731402,3.56,2001498,1.91,90.3,46.4,320,128,Rhymes-128/Mama Bear_s Blanket.mp3,true,
manx-lullaby,Manx Lullaby,3545711,3.38,2061003,1.97,84,41.9,320,128,Rhymes-128/Manx Lullaby.mp3,true,
matteo-s-dream,Matteo´s Dream,2913675,2.78,1646489,1.57,70,43.5,320,128,Rhymes-128/Matteo´s Dream.mp3,true,
meet-me-at-the-moon,Meet Me at the Moon,3749940,3.58,1608221,1.53,92.9,57.1,320,128,Rhymes-128/Meet Me at the Moon.mp3,true,
meet-the-baby,Meet the Baby,3678716,3.51,1516101,1.45,91.2,58.8,320,128,Rhymes-128/Meet the Baby.mp3,true,
midnight-hush,Midnight Hush,6143642,5.86,3096551,2.95,149.4,49.6,320,128,Rhymes-128/Midnight Hush.mp3,true,
milk-moonbeams,Milk & Moonbeams,4806210,4.58,2484589,2.37,116.8,48.3,320,128,Rhymes-128/Milk & Moonbeams.mp3,true,
mister-rabbit,Mister Rabbit,3369289,3.21,1428511,1.36,83.4,57.6,320,128,Rhymes-128/Mister Rabbit.mp3,true,
moonbeam-melodies,Moonbeam Melodies,3588695,3.42,1957565,1.87,86.2,45.5,320,128,Rhymes-128/Moonbeam Melodies.mp3,true,
moonlight-magic,Moonlight Magic,5274849,5.03,2492184,2.38,130.2,52.8,320,128,Rhymes-128/Moonlight Magic.mp3,true,
moonrise-slumber,Moonrise Slumber,4261023,4.06,2187672,2.09,103.7,48.7,320,128,Rhymes-128/Moonrise Slumber.mp3,true,
my-bonnie-lies-over-the-ocean,My Bonnie Lies Over The Ocean,3703934,3.53,1663273,1.59,91.2,55.1,320,128,Rhymes-128/My Bonnie Lies Over The Ocean.mp3,true,
my-friend-lina,My Friend Lina,4024204,3.84,2073299,1.98,98.1,48.5,320,128,Rhymes-128/My Friend Lina.mp3,true,
my-funny-friend,My Funny Friend,4233894,4.04,2112128,2.01,103.2,50.1,320,128,Rhymes-128/My Funny Friend.mp3,true,
my-grandfather-s-clock,My Grandfather_s Clock,4444176,4.24,1881451,1.79,109.9,57.7,320,128,Rhymes-128/My Grandfather_s Clock.mp3,true,
my-little-toy-parade,My little Toy Parade,3051772,2.91,1829555,1.74,72.4,40,320,128,Rhymes-128/My little Toy Parade.mp3,true,
my-own-horse,My Own Horse,5033952,4.8,2119934,2.02,124.8,57.9,320,128,Rhymes-128/My Own Horse.mp3,true,
nightfall,Nightfall,5790841,5.52,2689142,2.56,142.2,53.6,320,128,Rhymes-128/Nightfall.mp3,true,
nightingales,Nightingales,5096909,4.86,2335752,2.23,125.5,54.2,320,128,Rhymes-128/Nightingales.mp3,true,
nighttime-birds,Nighttime Birds,3737957,3.56,1778049,1.7,90.4,52.4,320,128,Rhymes-128/Nighttime Birds.mp3,true,
off-to-sleep,Off to Sleep,3959354,3.78,2072605,1.98,96,47.7,320,128,Rhymes-128/Off to Sleep.mp3,true,
oh-susannah,Oh! Susannah,3773736,3.6,2045020,1.95,91.2,45.8,320,128,Rhymes-128/Oh! Susannah.mp3,true,
old-macdonald-had-a-farm,Old Macdonald Had A Farm,3976921,3.79,1672628,1.6,98.6,57.9,320,128,Rhymes-128/Old Macdonald Had A Farm.mp3,true,
on-a-fluffy-starbed,On A Fluffy Starbed,5448933,5.2,2511296,2.39,134.2,53.9,320,128,Rhymes-128/On A Fluffy Starbed.mp3,true,
on-the-bridge-of-avignon,On the bridge of Avignon,2602388,2.48,1672536,1.6,61.4,35.7,320,128,Rhymes-128/On the bridge of Avignon.mp3,true,
on-the-lake,On the Lake,5278251,5.03,2265880,2.16,130.4,57.1,320,128,Rhymes-128/On the Lake.mp3,true,
over-the-moon,Over the Moon,3523700,3.36,1816197,1.73,86,48.5,320,128,Rhymes-128/Over the Moon.mp3,true,
pancake-friends,Pancake Friends,4766878,4.55,2372944,2.26,116.5,50.2,320,128,Rhymes-128/Pancake Friends.mp3,true,
paws-and-purrs,Paws and Purrs,4250068,4.05,1934670,1.85,104.7,54.5,320,128,Rhymes-128/Paws and Purrs.mp3,true,
peace-and-harmony,Peace And Harmony,5664202,5.4,2618378,2.5,139.5,53.8,320,128,Rhymes-128/Peace And Harmony.mp3,true,
petal-soft,Petal-soft,3663902,3.49,1845218,1.76,89.4,49.6,320,128,Rhymes-128/Petal-soft.mp3,true,
pete-the-parrot,Pete the Parrot,5124167,4.89,2162890,2.06,126.9,57.8,320,128,Rhymes-128/Pete the Parrot.mp3,true,
playing-with-leaves,Playing With Leaves,4413481,4.21,1994529,1.9,107.9,54.8,320,128,Rhymes-128/Playing With Leaves.mp3,true,
polly-put-the-kettle-on,Polly Put the Kettle on,4189423,4,1761130,1.68,103.7,58,320,128,Rhymes-128/Polly Put the Kettle on.mp3,true,
polly-wolly-doodle,Polly Wolly Doodle,3811787,3.64,1613340,1.54,94.5,57.7,320,128,Rhymes-128/Polly Wolly Doodle.mp3,true,
pondside-dreamland,Pondside Dreamland,5335192,5.09,2893782,2.76,127.8,45.8,320,128,Rhymes-128/Pondside Dreamland.mp3,true,
pray-for-a-better-day,Pray For A Better Day,6484677,6.18,2874735,2.74,160.5,55.7,320,128,Rhymes-128/Pray For A Better Day.mp3,true,
puffin-s-pillow,Puffin’s Pillow,3735685,3.56,1905312,1.82,90.4,49,320,128,Rhymes-128/Puffin’s Pillow.mp3,true,
puppy-my-puppy,Puppy My Puppy,4440352,4.23,2148457,2.05,109.1,51.6,320,128,Rhymes-128/Puppy My Puppy.mp3,true,
pyjamas-and-pedals,Pyjamas And Pedals,5952664,5.68,2544050,2.43,147.5,57.3,320,128,Rhymes-128/Pyjamas And Pedals.mp3,true,
rainbow-dreams,Rainbow Dreams,3608227,3.44,1698789,1.62,88.3,52.9,320,128,Rhymes-128/Rainbow Dreams.mp3,true,
rest-on-my-shoulder,Rest on My Shoulder,5129006,4.89,2214781,2.11,127.1,56.8,320,128,Rhymes-128/Rest on My Shoulder.mp3,true,
river-play,River Play,5312877,5.07,2807380,2.68,128.9,47.2,320,128,Rhymes-128/River Play.mp3,true,
sailing-into-sleep,Sailing into Sleep,3509409,3.35,1942245,1.85,84.7,44.7,320,128,Rhymes-128/Sailing into Sleep.mp3,true,
sandman,Sandman,4309521,4.11,2123249,2.02,105.5,50.7,320,128,Rhymes-128/Sandman.mp3,true,
silent-stars,Silent Stars,4367026,4.16,1882395,1.8,108.2,56.9,320,128,Rhymes-128/Silent Stars.mp3,true,
sleepy-clouds,Sleepy Clouds,4564728,4.35,2030334,1.94,112.4,55.5,320,128,Rhymes-128/Sleepy Clouds.mp3,true,
sleepy-serenade,Sleepy Serenade,4490983,4.28,2084015,1.99,110.7,53.6,320,128,Rhymes-128/Sleepy Serenade.mp3,true,
sleepy-star,Sleepy Star,5345093,5.1,2732651,2.61,129.2,48.9,320,128,Rhymes-128/Sleepy Star.mp3,true,
sleepy-time,Sleepy Time,5280790,5.04,2184125,2.08,131.3,58.6,320,128,Rhymes-128/Sleepy Time.mp3,true,
slumber,Slumber,4513422,4.3,2085278,1.99,110.7,53.8,320,128,Rhymes-128/Slumber.mp3,true,
slumberland,Slumberland,3228635,3.08,1518894,1.45,79.2,53,320,128,Rhymes-128/Slumberland.mp3,true,
soft-feathers,Soft Feathers,3244482,3.09,1673509,1.6,79,48.4,320,128,Rhymes-128/Soft Feathers.mp3,true,
somewhere-out-there,Somewhere Out There,5656881,5.39,2565736,2.45,139.2,54.6,320,128,Rhymes-128/Somewhere Out There.mp3,true,
staircase-lullaby,Staircase Lullaby,4306837,4.11,2059213,1.96,105.8,52.2,320,128,Rhymes-128/Staircase Lullaby.mp3,true,
star-sky-s-blanket,Star Sky_s Blanket,4993826,4.76,2629707,2.51,120.4,47.3,320,128,Rhymes-128/Star Sky_s Blanket.mp3,true,
starry-moon,Starry Moon,4454844,4.25,2121535,2.02,109.5,52.4,320,128,Rhymes-128/Starry Moon.mp3,true,
starry-night,Starry Night,4648692,4.43,2282325,2.18,113.8,50.9,320,128,Rhymes-128/Starry Night.mp3,true,
stars-are-gently-dancing,Stars Are Gently Dancing,4438649,4.23,2367797,2.26,107.7,46.7,320,128,Rhymes-128/Stars Are Gently Dancing.mp3,true,
stars-are-listening,Stars Are Listening,3935776,3.75,2198747,2.1,94,44.1,320,128,Rhymes-128/Stars Are Listening.mp3,true,
stay-awake,Stay Awake,3253932,3.1,1627177,1.55,78.6,50,320,128,Rhymes-128/Stay Awake.mp3,true,
strawberry-dreams,Strawberry Dreams,4695128,4.48,2137025,2.04,115.9,54.5,320,128,Rhymes-128/Strawberry Dreams.mp3,true,
summer-with-my-friends,Summer with My Friends,4615454,4.4,1976812,1.89,114.1,57.2,320,128,Rhymes-128/Summer with My Friends.mp3,true,
sweet-dreamer,Sweet Dreamer,5142576,4.9,2378512,2.27,126.5,53.7,320,128,Rhymes-128/Sweet Dreamer.mp3,true,
sweet-dreams,Sweet Dreams,4255798,4.06,2078727,1.98,104,51.2,320,128,Rhymes-128/Sweet Dreams.mp3,true,
take-me-out-to-the-ball-game,Take Me Out to the Ball Game,3791256,3.62,1584787,1.51,93.9,58.2,320,128,Rhymes-128/Take Me Out to the Ball Game.mp3,true,
teddy-s-dream,Teddy_s Dream,4466335,4.26,2311852,2.2,108.5,48.2,320,128,Rhymes-128/Teddy_s Dream.mp3,true,
teddy-s-lullaby,Teddy’s Lullaby,4266343,4.07,2298281,2.19,103.2,46.1,320,128,Rhymes-128/Teddy’s Lullaby.mp3,true,
the-dance-of-the-fairies,The Dance Of The Fairies,3297089,3.14,1617532,1.54,80.6,50.9,320,128,Rhymes-128/The Dance Of The Fairies.mp3,true,
the-dreaming-tree,The Dreaming Tree,5071995,4.84,2472155,2.36,123.8,51.3,320,128,Rhymes-128/The Dreaming Tree.mp3,true,
the-forest-tale,The Forest Tale,5302101,5.06,2565724,2.45,130,51.6,320,128,Rhymes-128/The Forest Tale.mp3,true,
the-happy-farmer,The Happy Farmer,5218988,4.98,2960919,2.82,123.6,43.3,320,128,Rhymes-128/The Happy Farmer.mp3,true,
the-little-snoring-owl,The Little Snoring Owl,6030351,5.75,2663705,2.54,148.9,55.8,320,128,Rhymes-128/The Little Snoring Owl.mp3,true,
the-moon-is-your-friend,The Moon is Your Friend,4351690,4.15,1918813,1.83,107.5,55.9,320,128,Rhymes-128/The Moon is Your Friend.mp3,true,
the-muffin-man,The Muffin Man,3865567,3.69,1708940,1.63,95.4,55.8,320,128,Rhymes-128/The Muffin Man.mp3,true,
the-sleep-song,The Sleep Song,6217828,5.93,2800472,2.67,153.6,55,320,128,Rhymes-128/The Sleep Song.mp3,true,
the-sleeping-valley,The Sleeping Valley,5237732,5,2346889,2.24,129.3,55.2,320,128,Rhymes-128/The Sleeping Valley.mp3,true,
the-very-sleepy-kitten,The Very Sleepy Kitten,3632247,3.46,2084939,1.99,86.4,42.6,320,128,Rhymes-128/The Very Sleepy Kitten.mp3,true,
tick-tock-grandma-s-clock,"Tick, Tock Grandma’s Clock",4634204,4.42,2003480,1.91,114.4,56.8,320,128,"Rhymes-128/Tick, Tock Grandma’s Clock.mp3",true,
tingly-town,Tingly Town,5836655,5.57,2885450,2.75,142.3,50.6,320,128,Rhymes-128/Tingly Town.mp3,true,
to-the-moon-and-back,To the Moon and Back,4976897,4.75,2522225,2.41,120.9,49.3,320,128,Rhymes-128/To the Moon and Back.mp3,true,
to-the-store-we-go,To the Store We Go,3508363,3.35,1671527,1.59,86.1,52.4,320,128,Rhymes-128/To the Store We Go.mp3,true,
treehouse-dream,Treehouse Dream,6465889,6.17,2866218,2.73,160,55.7,320,128,Rhymes-128/Treehouse Dream.mp3,true,
twilight-teddy,Twilight Teddy,4835045,4.61,2340111,2.23,119,51.6,320,128,Rhymes-128/Twilight Teddy.mp3,true,
twinkle-twinkle-little-star,Twinkle Twinkle Little Star,7818438,7.46,3488142,3.33,193.3,55.4,320,128,Rhymes-128/Twinkle Twinkle Little Star.mp3,true,
under-my-pillow,Under My Pillow,3932013,3.75,1856354,1.77,96.2,52.8,320,128,Rhymes-128/Under My Pillow.mp3,true,
under-the-endless-sky,Under the Endless Sky,5140070,4.9,2320370,2.21,126.5,54.9,320,128,Rhymes-128/Under the Endless Sky.mp3,true,
under-the-sleepy-sky,Under the Sleepy Sky,3518511,3.36,2072258,1.98,84.2,41.1,320,128,Rhymes-128/Under the Sleepy Sky.mp3,true,
under-the-stars,Under The Stars,3434382,3.28,1865882,1.78,82.7,45.7,320,128,Rhymes-128/Under The Stars.mp3,true,
under-the-twilight-rays,Under the Twilight Rays,4393539,4.19,2214627,2.11,107.1,49.6,320,128,Rhymes-128/Under the Twilight Rays.mp3,true,
until-morning-comes,Until Morning Comes,4653665,4.44,2232904,2.13,113.8,52,320,128,Rhymes-128/Until Morning Comes.mp3,true,
up-and-down,Up And Down,5446504,5.19,2532059,2.41,133.7,53.5,320,128,Rhymes-128/Up And Down.mp3,true,
warm-blanket,Warm blanket,5386555,5.14,2650482,2.53,132,50.8,320,128,Rhymes-128/Warm blanket.mp3,true,
we-are-three-musicians,We Are Three Musicians,2821649,2.69,1545788,1.47,67.8,45.2,320,128,Rhymes-128/We Are Three Musicians.mp3,true,
where-fairies-sleep,Where Fairies Sleep,4211518,4.02,1788026,1.71,104.4,57.5,320,128,Rhymes-128/Where Fairies Sleep.mp3,true,
whisper-time,Whisper Time,4689065,4.47,2502524,2.39,112.8,46.6,320,128,Rhymes-128/Whisper Time.mp3,true,
winter-outside,Winter Outside,4165762,3.97,1938171,1.85,102.5,53.5,320,128,Rhymes-128/Winter Outside.mp3,true,
you-are-feeling-sleepy,You Are Feeling Sleepy,3547834,3.38,1590364,1.52,87.4,55.2,320,128,Rhymes-128/You Are Feeling Sleepy.mp3,true,